x,y,GID,LBL,VAL
775000,1565000,가다76,"58.00",58.0000000000
775000,1575000,가다77,,
785000,1565000,가다86,"344.00",344.0000000000
785000,1635000,가라83,"441.00",441.0000000000
795000,1605000,가라90,"185.00",185.0000000000
795000,1615000,가라91,,
795000,1635000,가라93,,
745000,1985000,가사48,,
745000,1995000,가사49,"425.00",425.0000000000
755000,1975000,가사57,"195.00",195.0000000000
755000,1985000,가사58,"1221.00",1221.0000000000
755000,1995000,가사59,"2440.00",2440.0000000000
765000,1975000,가사67,,
745000,2005000,가아40,"68.00",68.0000000000
755000,2005000,가아50,"1910.00",1910.0000000000
875000,1475000,나나77,"3043.00",3043.0000000000
875000,1485000,나나78,"3913.00",3913.0000000000
885000,1455000,나나85,"91.00",91.0000000000
885000,1465000,나나86,"662.00",662.0000000000
885000,1475000,나나87,"24515.00",24515.0000000000
885000,1485000,나나88,"8830.00",8830.0000000000
885000,1495000,나나89,"17716.00",17716.0000000000
895000,1475000,나나97,"13726.00",13726.0000000000
895000,1485000,나나98,"1045.00",1045.0000000000
895000,1495000,나나99,"27923.00",27923.0000000000
815000,1585000,나다18,"68.00",68.0000000000
845000,1575000,나다47,"20.00",20.0000000000
845000,1585000,나다48,"123.00",123.0000000000
855000,1575000,나다57,,
855000,1585000,나다58,"226.00",226.0000000000
855000,1595000,나다59,"171.00",171.0000000000
865000,1585000,나다68,"674.00",674.0000000000
865000,1595000,나다69,"1183.00",1183.0000000000
875000,1585000,나다78,"116.00",116.0000000000
875000,1595000,나다79,"640.00",640.0000000000
885000,1525000,나다82,,
885000,1545000,나다84,,
885000,1555000,나다85,"906.00",906.0000000000
885000,1595000,나다89,"895.00",895.0000000000
895000,1505000,나다90,"1278.00",1278.0000000000
895000,1525000,나다92,,
895000,1545000,나다94,"3.00",3.0000000000
895000,1555000,나다95,"640.00",640.0000000000
895000,1585000,나다98,,
895000,1595000,나다99,"119.00",119.0000000000
805000,1625000,나라02,"83.00",83.0000000000
805000,1635000,나라03,"534.00",534.0000000000
815000,1625000,나라12,,
815000,1635000,나라13,"1683.00",1683.0000000000
815000,1645000,나라14,"52.00",52.0000000000
835000,1615000,나라31,,
845000,1625000,나라42,"149.00",149.0000000000
845000,1635000,나라43,,
845000,1645000,나라44,,
855000,1615000,나라51,,
855000,1625000,나라52,"101.00",101.0000000000
855000,1635000,나라53,"2589.00",2589.0000000000
855000,1645000,나라54,"1763.00",1763.0000000000
855000,1655000,나라55,,
855000,1665000,나라56,,
855000,1675000,나라57,"3.00",3.0000000000
855000,1685000,나라58,,
855000,1695000,나라59,,
865000,1605000,나라60,"89.00",89.0000000000
865000,1615000,나라61,"515.00",515.0000000000
865000,1625000,나라62,"1848.00",1848.0000000000
865000,1635000,나라63,"930.00",930.0000000000
865000,1645000,나라64,"974.00",974.0000000000
865000,1655000,나라65,"2078.00",2078.0000000000
865000,1665000,나라66,,
865000,1675000,나라67,"650.00",650.0000000000
865000,1685000,나라68,,
875000,1605000,나라70,"3007.00",3007.0000000000
875000,1615000,나라71,"309.00",309.0000000000
875000,1625000,나라72,"1994.00",1994.0000000000
875000,1635000,나라73,"1936.00",1936.0000000000
875000,1645000,나라74,"2741.00",2741.0000000000
875000,1655000,나라75,"1124.00",1124.0000000000
875000,1665000,나라76,"1405.00",1405.0000000000
875000,1675000,나라77,"2551.00",2551.0000000000
875000,1685000,나라78,"651.00",651.0000000000
875000,1695000,나라79,"300.00",300.0000000000
885000,1605000,나라80,"5683.00",5683.0000000000
885000,1615000,나라81,"10426.00",10426.0000000000
885000,1625000,나라82,"1430.00",1430.0000000000
885000,1635000,나라83,"720.00",720.0000000000
885000,1645000,나라84,"131.00",131.0000000000
885000,1655000,나라85,"1636.00",1636.0000000000
885000,1665000,나라86,"830.00",830.0000000000
885000,1675000,나라87,"4179.00",4179.0000000000
885000,1685000,나라88,"1220.00",1220.0000000000
885000,1695000,나라89,,
895000,1605000,나라90,"1996.00",1996.0000000000
895000,1615000,나라91,"3430.00",3430.0000000000
895000,1625000,나라92,"4469.00",4469.0000000000
895000,1635000,나라93,"7203.00",7203.0000000000
895000,1645000,나라94,"112767.00",112767.0000000000
895000,1655000,나라95,"4299.00",4299.0000000000
895000,1665000,나라96,"4425.00",4425.0000000000
895000,1675000,나라97,"3202.00",3202.0000000000
895000,1685000,나라98,"2723.00",2723.0000000000
895000,1695000,나라99,"4998.00",4998.0000000000
865000,1705000,나마60,"180.00",180.0000000000
865000,1795000,나마69,"267.00",267.0000000000
875000,1705000,나마70,,
875000,1715000,나마71,,
875000,1735000,나마73,"25.00",25.0000000000
875000,1745000,나마74,"51.00",51.0000000000
875000,1765000,나마76,,
885000,1705000,나마80,,
885000,1735000,나마83,"293.00",293.0000000000
885000,1775000,나마87,,
885000,1785000,나마88,,
895000,1705000,나마90,"502.00",502.0000000000
895000,1715000,나마91,,
895000,1725000,나마92,,
895000,1735000,나마93,"734.00",734.0000000000
895000,1755000,나마95,"88.00",88.0000000000
895000,1765000,나마96,"255.00",255.0000000000
825000,1845000,나바24,,
835000,1855000,나바35,,
845000,1845000,나바44,,
845000,1855000,나바45,,
845000,1885000,나바48,,
855000,1855000,나바55,"1.00",1.0000000000
855000,1885000,나바58,,
865000,1805000,나바60,"2.00",2.0000000000
865000,1855000,나바65,,
865000,1895000,나바69,"141.00",141.0000000000
875000,1805000,나바70,"349.00",349.0000000000
875000,1835000,나바73,,
875000,1845000,나바74,,
875000,1855000,나바75,"1332.00",1332.0000000000
875000,1865000,나바76,"1902.00",1902.0000000000
875000,1875000,나바77,"4.00",4.0000000000
875000,1895000,나바79,,
885000,1805000,나바80,"198.00",198.0000000000
885000,1815000,나바81,"181.00",181.0000000000
885000,1825000,나바82,"2.00",2.0000000000
885000,1835000,나바83,,
885000,1845000,나바84,,
885000,1855000,나바85,"2454.00",2454.0000000000
885000,1865000,나바86,"5581.00",5581.0000000000
885000,1875000,나바87,"3028.00",3028.0000000000
885000,1885000,나바88,,
895000,1805000,나바90,,
895000,1815000,나바91,"389.00",389.0000000000
895000,1825000,나바92,"1342.00",1342.0000000000
895000,1835000,나바93,"4962.00",4962.0000000000
895000,1845000,나바94,"4250.00",4250.0000000000
895000,1855000,나바95,"3785.00",3785.0000000000
895000,1865000,나바96,"30282.00",30282.0000000000
895000,1875000,나바97,"3049.00",3049.0000000000
895000,1885000,나바98,"1405.00",1405.0000000000
895000,1895000,나바99,,
835000,1965000,나사36,,
845000,1955000,나사45,"100.00",100.0000000000
845000,1965000,나사46,"1931.00",1931.0000000000
855000,1915000,나사51,,
865000,1905000,나사60,,
865000,1915000,나사61,"28.00",28.0000000000
865000,1955000,나사65,,
875000,1905000,나사70,"105.00",105.0000000000
875000,1915000,나사71,"1152.00",1152.0000000000
875000,1925000,나사72,,
875000,1945000,나사74,,
875000,1965000,나사76,"17.00",17.0000000000
885000,1905000,나사80,"243.00",243.0000000000
885000,1915000,나사81,"488.00",488.0000000000
885000,1955000,나사85,,
885000,1965000,나사86,"664.00",664.0000000000
885000,1975000,나사87,"807.00",807.0000000000
885000,1985000,나사88,"2.00",2.0000000000
895000,1905000,나사90,"313.00",313.0000000000
895000,1915000,나사91,"701.00",701.0000000000
895000,1925000,나사92,,
895000,1935000,나사93,"2.00",2.0000000000
895000,1945000,나사94,"677.00",677.0000000000
895000,1955000,나사95,"161.00",161.0000000000
895000,1965000,나사96,"1994.00",1994.0000000000
895000,1975000,나사97,"2674.00",2674.0000000000
895000,1985000,나사98,"53.00",53.0000000000
905000,1465000,다나06,,
905000,1475000,다나07,"37137.00",37137.0000000000
905000,1485000,다나08,"7.00",7.0000000000
905000,1495000,다나09,"89255.00",89255.0000000000
915000,1475000,다나17,"60496.00",60496.0000000000
915000,1485000,다나18,"59.00",59.0000000000
915000,1495000,다나19,"38771.00",38771.0000000000
925000,1475000,다나27,"11711.00",11711.0000000000
925000,1485000,다나28,"1783.00",1783.0000000000
925000,1495000,다나29,"2232.00",2232.0000000000
935000,1475000,다나37,"2528.00",2528.0000000000
935000,1485000,다나38,"12703.00",12703.0000000000
935000,1495000,다나39,"1453.00",1453.0000000000
945000,1485000,다나48,"1940.00",1940.0000000000
945000,1495000,다나49,"11655.00",11655.0000000000
955000,1495000,다나59,,
905000,1505000,다다00,"130043.00",130043.0000000000
905000,1565000,다다06,,
905000,1575000,다다07,"1124.00",1124.0000000000
905000,1585000,다다08,"41.00",41.0000000000
905000,1595000,다다09,"2677.00",2677.0000000000
915000,1505000,다다10,"130977.00",130977.0000000000
915000,1565000,다다16,"33.00",33.0000000000
915000,1575000,다다17,"4890.00",4890.0000000000
915000,1585000,다다18,"1796.00",1796.0000000000
915000,1595000,다다19,"2705.00",2705.0000000000
925000,1505000,다다20,"15700.00",15700.0000000000
925000,1545000,다다24,,
925000,1565000,다다26,"44.00",44.0000000000
925000,1575000,다다27,"2200.00",2200.0000000000
925000,1585000,다다28,"128.00",128.0000000000
925000,1595000,다다29,"6193.00",6193.0000000000
935000,1505000,다다30,"7001.00",7001.0000000000
935000,1575000,다다37,"209.00",209.0000000000
935000,1585000,다다38,"191.00",191.0000000000
935000,1595000,다다39,"15648.00",15648.0000000000
945000,1505000,다다40,"6758.00",6758.0000000000
945000,1555000,다다45,"97.00",97.0000000000
945000,1575000,다다47,"1875.00",1875.0000000000
945000,1585000,다다48,"34.00",34.0000000000
945000,1595000,다다49,"2786.00",2786.0000000000
955000,1505000,다다50,"382.00",382.0000000000
955000,1585000,다다58,"112.00",112.0000000000
955000,1595000,다다59,"3410.00",3410.0000000000
965000,1575000,다다67,"22.00",22.0000000000
965000,1585000,다다68,,
965000,1595000,다다69,"637.00",637.0000000000
975000,1565000,다다76,,
975000,1575000,다다77,,
975000,1585000,다다78,"375.00",375.0000000000
975000,1595000,다다79,"75.00",75.0000000000
985000,1555000,다다85,"754.00",754.0000000000
985000,1565000,다다86,"572.00",572.0000000000
985000,1575000,다다87,,
985000,1585000,다다88,"202.00",202.0000000000
985000,1595000,다다89,,
995000,1565000,다다96,,
995000,1585000,다다98,"61.00",61.0000000000
995000,1595000,다다99,,
905000,1605000,다라00,"2205.00",2205.0000000000
905000,1615000,다라01,"2421.00",2421.0000000000
905000,1625000,다라02,"4180.00",4180.0000000000
905000,1635000,다라03,"8330.00",8330.0000000000
905000,1645000,다라04,"157524.00",157524.0000000000
905000,1655000,다라05,"12064.00",12064.0000000000
905000,1665000,다라06,"13714.00",13714.0000000000
905000,1675000,다라07,"5621.00",5621.0000000000
905000,1685000,다라08,"4512.00",4512.0000000000
905000,1695000,다라09,"18462.00",18462.0000000000
915000,1605000,다라10,"3843.00",3843.0000000000
915000,1615000,다라11,"14042.00",14042.0000000000
915000,1625000,다라12,"16089.00",16089.0000000000
915000,1635000,다라13,"5474.00",5474.0000000000
915000,1645000,다라14,"3856.00",3856.0000000000
915000,1655000,다라15,"5334.00",5334.0000000000
915000,1665000,다라16,"6262.00",6262.0000000000
915000,1675000,다라17,"11252.00",11252.0000000000
915000,1685000,다라18,"4989.00",4989.0000000000
915000,1695000,다라19,"10177.00",10177.0000000000
925000,1605000,다라20,"4064.00",4064.0000000000
925000,1615000,다라21,"3618.00",3618.0000000000
925000,1625000,다라22,"3387.00",3387.0000000000
925000,1635000,다라23,"2917.00",2917.0000000000
925000,1645000,다라24,"11671.00",11671.0000000000
925000,1655000,다라25,"6525.00",6525.0000000000
925000,1665000,다라26,"18292.00",18292.0000000000
925000,1675000,다라27,"21075.00",21075.0000000000
925000,1685000,다라28,"6579.00",6579.0000000000
925000,1695000,다라29,"9602.00",9602.0000000000
935000,1605000,다라30,"4088.00",4088.0000000000
935000,1615000,다라31,"2980.00",2980.0000000000
935000,1625000,다라32,"17187.00",17187.0000000000
935000,1635000,다라33,"4111.00",4111.0000000000
935000,1645000,다라34,"1384.00",1384.0000000000
935000,1655000,다라35,"3346.00",3346.0000000000
935000,1665000,다라36,"32820.00",32820.0000000000
935000,1675000,다라37,"30591.00",30591.0000000000
935000,1685000,다라38,"300886.00",300886.0000000000
935000,1695000,다라39,"51435.00",51435.0000000000
945000,1605000,다라40,"3362.00",3362.0000000000
945000,1615000,다라41,"5588.00",5588.0000000000
945000,1625000,다라42,"3054.00",3054.0000000000
945000,1635000,다라43,"15754.00",15754.0000000000
945000,1645000,다라44,"1088.00",1088.0000000000
945000,1655000,다라45,"1548.00",1548.0000000000
945000,1665000,다라46,"4845.00",4845.0000000000
945000,1675000,다라47,"56528.00",56528.0000000000
945000,1685000,다라48,"846904.00",846904.0000000000
945000,1695000,다라49,"141425.00",141425.0000000000
955000,1605000,다라50,"909.00",909.0000000000
955000,1615000,다라51,"1866.00",1866.0000000000
955000,1625000,다라52,"3054.00",3054.0000000000
955000,1635000,다라53,"2780.00",2780.0000000000
955000,1645000,다라54,"2617.00",2617.0000000000
955000,1655000,다라55,"2423.00",2423.0000000000
955000,1665000,다라56,"5236.00",5236.0000000000
955000,1675000,다라57,"37565.00",37565.0000000000
955000,1685000,다라58,"2950.00",2950.0000000000
955000,1695000,다라59,"10714.00",10714.0000000000
965000,1605000,다라60,"3017.00",3017.0000000000
965000,1615000,다라61,"10215.00",10215.0000000000
965000,1625000,다라62,"509.00",509.0000000000
965000,1635000,다라63,"3201.00",3201.0000000000
965000,1645000,다라64,"10810.00",10810.0000000000
965000,1655000,다라65,"2099.00",2099.0000000000
965000,1665000,다라66,"2249.00",2249.0000000000
965000,1675000,다라67,"2501.00",2501.0000000000
965000,1685000,다라68,"2018.00",2018.0000000000
965000,1695000,다라69,"6143.00",6143.0000000000
975000,1605000,다라70,"1227.00",1227.0000000000
975000,1615000,다라71,"3585.00",3585.0000000000
975000,1625000,다라72,"7557.00",7557.0000000000
975000,1635000,다라73,"2538.00",2538.0000000000
975000,1645000,다라74,"6286.00",6286.0000000000
975000,1655000,다라75,"2021.00",2021.0000000000
975000,1665000,다라76,"1538.00",1538.0000000000
975000,1675000,다라77,"2892.00",2892.0000000000
975000,1685000,다라78,"2954.00",2954.0000000000
975000,1695000,다라79,"3469.00",3469.0000000000
985000,1605000,다라80,"810.00",810.0000000000
985000,1615000,다라81,"4785.00",4785.0000000000
985000,1625000,다라82,"10619.00",10619.0000000000
985000,1635000,다라83,"4385.00",4385.0000000000
985000,1645000,다라84,"7684.00",7684.0000000000
985000,1655000,다라85,"9325.00",9325.0000000000
985000,1665000,다라86,"1907.00",1907.0000000000
985000,1675000,다라87,"2628.00",2628.0000000000
985000,1685000,다라88,"2141.00",2141.0000000000
985000,1695000,다라89,"8102.00",8102.0000000000
995000,1605000,다라90,"1700.00",1700.0000000000
995000,1615000,다라91,"2494.00",2494.0000000000
995000,1625000,다라92,"2099.00",2099.0000000000
995000,1635000,다라93,"908.00",908.0000000000
995000,1645000,다라94,"2069.00",2069.0000000000
995000,1655000,다라95,"16762.00",16762.0000000000
995000,1665000,다라96,"69404.00",69404.0000000000
995000,1675000,다라97,"3188.00",3188.0000000000
995000,1685000,다라98,"4847.00",4847.0000000000
995000,1695000,다라99,"13454.00",13454.0000000000
905000,1705000,다마00,"7561.00",7561.0000000000
905000,1715000,다마01,"8953.00",8953.0000000000
905000,1725000,다마02,"1110.00",1110.0000000000
905000,1735000,다마03,"2162.00",2162.0000000000
905000,1745000,다마04,"295.00",295.0000000000
905000,1755000,다마05,"1273.00",1273.0000000000
905000,1765000,다마06,"192.00",192.0000000000
905000,1775000,다마07,,
905000,1785000,다마08,"168.00",168.0000000000
905000,1795000,다마09,"97.00",97.0000000000
915000,1705000,다마10,"6575.00",6575.0000000000
915000,1715000,다마11,"5412.00",5412.0000000000
915000,1725000,다마12,"3402.00",3402.0000000000
915000,1735000,다마13,"2594.00",2594.0000000000
915000,1745000,다마14,"2419.00",2419.0000000000
915000,1755000,다마15,,
915000,1765000,다마16,"1.00",1.0000000000
915000,1775000,다마17,"2897.00",2897.0000000000
915000,1785000,다마18,"592.00",592.0000000000
915000,1795000,다마19,"6209.00",6209.0000000000
925000,1705000,다마20,"2214.00",2214.0000000000
925000,1715000,다마21,"23143.00",23143.0000000000
925000,1725000,다마22,"6264.00",6264.0000000000
925000,1735000,다마23,"5926.00",5926.0000000000
925000,1745000,다마24,"7108.00",7108.0000000000
925000,1755000,다마25,"3874.00",3874.0000000000
925000,1765000,다마26,"3531.00",3531.0000000000
925000,1775000,다마27,"174429.00",174429.0000000000
925000,1785000,다마28,"22063.00",22063.0000000000
925000,1795000,다마29,"4919.00",4919.0000000000
935000,1705000,다마30,"15873.00",15873.0000000000
935000,1715000,다마31,"4737.00",4737.0000000000
935000,1725000,다마32,"6817.00",6817.0000000000
935000,1735000,다마33,"8428.00",8428.0000000000
935000,1745000,다마34,"25305.00",25305.0000000000
935000,1755000,다마35,"6128.00",6128.0000000000
935000,1765000,다마36,"7684.00",7684.0000000000
935000,1775000,다마37,"69617.00",69617.0000000000
935000,1785000,다마38,"7797.00",7797.0000000000
935000,1795000,다마39,"4948.00",4948.0000000000
945000,1705000,다마40,"6364.00",6364.0000000000
945000,1715000,다마41,"3128.00",3128.0000000000
945000,1725000,다마42,"32759.00",32759.0000000000
945000,1735000,다마43,"38393.00",38393.0000000000
945000,1745000,다마44,"10515.00",10515.0000000000
945000,1755000,다마45,"43020.00",43020.0000000000
945000,1765000,다마46,"9603.00",9603.0000000000
945000,1775000,다마47,"57467.00",57467.0000000000
945000,1785000,다마48,"7206.00",7206.0000000000
945000,1795000,다마49,"6026.00",6026.0000000000
955000,1705000,다마50,"19112.00",19112.0000000000
955000,1715000,다마51,"1421.00",1421.0000000000
955000,1725000,다마52,"1953.00",1953.0000000000
955000,1735000,다마53,"4986.00",4986.0000000000
955000,1745000,다마54,"6523.00",6523.0000000000
955000,1755000,다마55,"16725.00",16725.0000000000
955000,1765000,다마56,"19586.00",19586.0000000000
955000,1775000,다마57,"176479.00",176479.0000000000
955000,1785000,다마58,"14031.00",14031.0000000000
955000,1795000,다마59,"15353.00",15353.0000000000
965000,1705000,다마60,"13654.00",13654.0000000000
965000,1715000,다마61,"3884.00",3884.0000000000
965000,1725000,다마62,"2451.00",2451.0000000000
965000,1735000,다마63,"2192.00",2192.0000000000
965000,1745000,다마64,"4982.00",4982.0000000000
965000,1755000,다마65,"370315.00",370315.0000000000
965000,1765000,다마66,"267147.00",267147.0000000000
965000,1775000,다마67,"29390.00",29390.0000000000
965000,1785000,다마68,"5798.00",5798.0000000000
965000,1795000,다마69,"49152.00",49152.0000000000
975000,1705000,다마70,"4419.00",4419.0000000000
975000,1715000,다마71,"3703.00",3703.0000000000
975000,1725000,다마72,"2320.00",2320.0000000000
975000,1735000,다마73,"3953.00",3953.0000000000
975000,1745000,다마74,"4189.00",4189.0000000000
975000,1755000,다마75,"18595.00",18595.0000000000
975000,1765000,다마76,"10069.00",10069.0000000000
975000,1775000,다마77,"8139.00",8139.0000000000
975000,1785000,다마78,"3595.00",3595.0000000000
975000,1795000,다마79,"7559.00",7559.0000000000
985000,1705000,다마80,"6877.00",6877.0000000000
985000,1715000,다마81,"31536.00",31536.0000000000
985000,1725000,다마82,"6136.00",6136.0000000000
985000,1735000,다마83,"7453.00",7453.0000000000
985000,1745000,다마84,"3868.00",3868.0000000000
985000,1755000,다마85,"2572.00",2572.0000000000
985000,1765000,다마86,"1991.00",1991.0000000000
985000,1775000,다마87,"973.00",973.0000000000
985000,1785000,다마88,"1306.00",1306.0000000000
985000,1795000,다마89,"3989.00",3989.0000000000
995000,1705000,다마90,"3525.00",3525.0000000000
995000,1715000,다마91,"22456.00",22456.0000000000
995000,1725000,다마92,"3107.00",3107.0000000000
995000,1735000,다마93,"2756.00",2756.0000000000
995000,1745000,다마94,"1746.00",1746.0000000000
995000,1755000,다마95,"9304.00",9304.0000000000
995000,1765000,다마96,"1632.00",1632.0000000000
995000,1775000,다마97,"1140.00",1140.0000000000
995000,1785000,다마98,"12092.00",12092.0000000000
995000,1795000,다마99,"19835.00",19835.0000000000
905000,1805000,다바00,,
905000,1815000,다바01,"487.00",487.0000000000
905000,1825000,다바02,"2643.00",2643.0000000000
905000,1835000,다바03,"1538.00",1538.0000000000
905000,1845000,다바04,"1278.00",1278.0000000000
905000,1855000,다바05,"3959.00",3959.0000000000
905000,1865000,다바06,"110285.00",110285.0000000000
905000,1875000,다바07,"16225.00",16225.0000000000
905000,1885000,다바08,"12338.00",12338.0000000000
905000,1895000,다바09,"370.00",370.0000000000
915000,1805000,다바10,"5915.00",5915.0000000000
915000,1815000,다바11,"47979.00",47979.0000000000
915000,1825000,다바12,"8822.00",8822.0000000000
915000,1835000,다바13,"5801.00",5801.0000000000
915000,1845000,다바14,"6852.00",6852.0000000000
915000,1855000,다바15,"10043.00",10043.0000000000
915000,1865000,다바16,"12076.00",12076.0000000000
915000,1875000,다바17,"5964.00",5964.0000000000
915000,1885000,다바18,"8332.00",8332.0000000000
915000,1895000,다바19,"3945.00",3945.0000000000
925000,1805000,다바20,"4148.00",4148.0000000000
925000,1815000,다바21,"18614.00",18614.0000000000
925000,1825000,다바22,"5094.00",5094.0000000000
925000,1835000,다바23,"12341.00",12341.0000000000
925000,1845000,다바24,"43920.00",43920.0000000000
925000,1855000,다바25,"38082.00",38082.0000000000
925000,1865000,다바26,"7429.00",7429.0000000000
925000,1875000,다바27,"85640.00",85640.0000000000
925000,1885000,다바28,"13767.00",13767.0000000000
925000,1895000,다바29,,
935000,1805000,다바30,"7634.00",7634.0000000000
935000,1815000,다바31,"3021.00",3021.0000000000
935000,1825000,다바32,"12781.00",12781.0000000000
935000,1835000,다바33,"5292.00",5292.0000000000
935000,1845000,다바34,"6027.00",6027.0000000000
935000,1855000,다바35,"13094.00",13094.0000000000
935000,1865000,다바36,"14848.00",14848.0000000000
935000,1875000,다바37,"18943.00",18943.0000000000
935000,1885000,다바38,"12850.00",12850.0000000000
935000,1895000,다바39,"16669.00",16669.0000000000
945000,1805000,다바40,"28432.00",28432.0000000000
945000,1815000,다바41,"7932.00",7932.0000000000
945000,1825000,다바42,"2222.00",2222.0000000000
945000,1835000,다바43,"3377.00",3377.0000000000
945000,1845000,다바44,"4263.00",4263.0000000000
945000,1855000,다바45,"33425.00",33425.0000000000
945000,1865000,다바46,"11083.00",11083.0000000000
945000,1875000,다바47,"6937.00",6937.0000000000
945000,1885000,다바48,"65043.00",65043.0000000000
945000,1895000,다바49,"34085.00",34085.0000000000
955000,1805000,다바50,"8678.00",8678.0000000000
955000,1815000,다바51,"4453.00",4453.0000000000
955000,1825000,다바52,"4879.00",4879.0000000000
955000,1835000,다바53,"7611.00",7611.0000000000
955000,1845000,다바54,"3897.00",3897.0000000000
955000,1855000,다바55,"4723.00",4723.0000000000
955000,1865000,다바56,"151939.00",151939.0000000000
955000,1875000,다바57,"10439.00",10439.0000000000
955000,1885000,다바58,"24220.00",24220.0000000000
955000,1895000,다바59,"39982.00",39982.0000000000
965000,1805000,다바60,"29674.00",29674.0000000000
965000,1815000,다바61,"7529.00",7529.0000000000
965000,1825000,다바62,"28086.00",28086.0000000000
965000,1835000,다바63,"39453.00",39453.0000000000
965000,1845000,다바64,"3832.00",3832.0000000000
965000,1855000,다바65,"7877.00",7877.0000000000
965000,1865000,다바66,"469770.00",469770.0000000000
965000,1875000,다바67,"168656.00",168656.0000000000
965000,1885000,다바68,"231556.00",231556.0000000000
965000,1895000,다바69,"194371.00",194371.0000000000
975000,1805000,다바70,"34954.00",34954.0000000000
975000,1815000,다바71,"16238.00",16238.0000000000
975000,1825000,다바72,"6910.00",6910.0000000000
975000,1835000,다바73,"212547.00",212547.0000000000
975000,1845000,다바74,"5400.00",5400.0000000000
975000,1855000,다바75,"8933.00",8933.0000000000
975000,1865000,다바76,"38191.00",38191.0000000000
975000,1875000,다바77,"31661.00",31661.0000000000
975000,1885000,다바78,"67163.00",67163.0000000000
975000,1895000,다바79,"54472.00",54472.0000000000
985000,1805000,다바80,"5996.00",5996.0000000000
985000,1815000,다바81,"561970.00",561970.0000000000
985000,1825000,다바82,"121275.00",121275.0000000000
985000,1835000,다바83,"72067.00",72067.0000000000
985000,1845000,다바84,"81079.00",81079.0000000000
985000,1855000,다바85,"12638.00",12638.0000000000
985000,1865000,다바86,"7915.00",7915.0000000000
985000,1875000,다바87,"2610.00",2610.0000000000
985000,1885000,다바88,"7378.00",7378.0000000000
985000,1895000,다바89,"16849.00",16849.0000000000
995000,1805000,다바90,"13781.00",13781.0000000000
995000,1815000,다바91,"610057.00",610057.0000000000
995000,1825000,다바92,"99380.00",99380.0000000000
995000,1835000,다바93,"7291.00",7291.0000000000
995000,1845000,다바94,"380806.00",380806.0000000000
995000,1855000,다바95,"194856.00",194856.0000000000
995000,1865000,다바96,"9180.00",9180.0000000000
995000,1875000,다바97,"35404.00",35404.0000000000
995000,1885000,다바98,"26149.00",26149.0000000000
995000,1895000,다바99,"14538.00",14538.0000000000
905000,1905000,다사00,"146.00",146.0000000000
905000,1915000,다사01,"3175.00",3175.0000000000
905000,1925000,다사02,"472.00",472.0000000000
905000,1935000,다사03,"3499.00",3499.0000000000
905000,1945000,다사04,"3757.00",3757.0000000000
905000,1955000,다사05,"4022.00",4022.0000000000
905000,1965000,다사06,"10555.00",10555.0000000000
905000,1975000,다사07,"11824.00",11824.0000000000
905000,1985000,다사08,"378.00",378.0000000000
915000,1905000,다사10,"26.00",26.0000000000
915000,1915000,다사11,"8298.00",8298.0000000000
915000,1925000,다사12,"682.00",682.0000000000
915000,1935000,다사13,"6.00",6.0000000000
915000,1945000,다사14,"88831.00",88831.0000000000
915000,1955000,다사15,"4556.00",4556.0000000000
915000,1965000,다사16,"22587.00",22587.0000000000
915000,1975000,다사17,"22500.00",22500.0000000000
925000,1905000,다사20,"5421.00",5421.0000000000
925000,1915000,다사21,"5345.00",5345.0000000000
925000,1925000,다사22,"10272.00",10272.0000000000
925000,1935000,다사23,"639290.00",639290.0000000000
925000,1945000,다사24,"753840.00",753840.0000000000
925000,1955000,다사25,"285638.00",285638.0000000000
925000,1965000,다사26,"239277.00",239277.0000000000
925000,1975000,다사27,"11758.00",11758.0000000000
925000,1985000,다사28,"132.00",132.0000000000
925000,1995000,다사29,"140.00",140.0000000000
935000,1905000,다사30,"8076.00",8076.0000000000
935000,1915000,다사31,"31725.00",31725.0000000000
935000,1925000,다사32,"371063.00",371063.0000000000
935000,1935000,다사33,"588945.00",588945.0000000000
935000,1945000,다사34,"1446150.00",1446150.0000000000
935000,1955000,다사35,"319838.00",319838.0000000000
935000,1965000,다사36,"731088.00",731088.0000000000
935000,1975000,다사37,"189216.00",189216.0000000000
935000,1985000,다사38,"54919.00",54919.0000000000
935000,1995000,다사39,"375.00",375.0000000000
945000,1905000,다사40,"95465.00",95465.0000000000
945000,1915000,다사41,"39304.00",39304.0000000000
945000,1925000,다사42,"556450.00",556450.0000000000
945000,1935000,다사43,"459717.00",459717.0000000000
945000,1945000,다사44,"2060069.00",2060069.0000000000
945000,1955000,다사45,"1216089.00",1216089.0000000000
945000,1965000,다사46,"273300.00",273300.0000000000
945000,1975000,다사47,"20624.00",20624.0000000000
945000,1985000,다사48,"17204.00",17204.0000000000
945000,1995000,다사49,"8071.00",8071.0000000000
955000,1905000,다사50,"59252.00",59252.0000000000
955000,1915000,다사51,"691291.00",691291.0000000000
955000,1925000,다사52,"615586.00",615586.0000000000
955000,1935000,다사53,"430505.00",430505.0000000000
955000,1945000,다사54,"1428117.00",1428117.0000000000
955000,1955000,다사55,"1354537.00",1354537.0000000000
955000,1965000,다사56,"352456.00",352456.0000000000
955000,1975000,다사57,"136349.00",136349.0000000000
955000,1985000,다사58,"28093.00",28093.0000000000
955000,1995000,다사59,"3878.00",3878.0000000000
965000,1905000,다사60,"297814.00",297814.0000000000
965000,1915000,다사61,"712605.00",712605.0000000000
965000,1925000,다사62,"787179.00",787179.0000000000
965000,1935000,다사63,"612045.00",612045.0000000000
965000,1945000,다사64,"1519465.00",1519465.0000000000
965000,1955000,다사65,"1432158.00",1432158.0000000000
965000,1965000,다사66,"563083.00",563083.0000000000
965000,1975000,다사67,"341817.00",341817.0000000000
965000,1985000,다사68,"178892.00",178892.0000000000
965000,1995000,다사69,"19736.00",19736.0000000000
975000,1905000,다사70,"30660.00",30660.0000000000
975000,1915000,다사71,"152546.00",152546.0000000000
975000,1925000,다사72,"96735.00",96735.0000000000
975000,1935000,다사73,"284086.00",284086.0000000000
975000,1945000,다사74,"143884.00",143884.0000000000
975000,1955000,다사75,"341824.00",341824.0000000000
975000,1965000,다사76,"233072.00",233072.0000000000
975000,1975000,다사77,"26347.00",26347.0000000000
975000,1985000,다사78,"45559.00",45559.0000000000
975000,1995000,다사79,"11670.00",11670.0000000000
985000,1905000,다사80,"11604.00",11604.0000000000
985000,1915000,다사81,"33601.00",33601.0000000000
985000,1925000,다사82,"38848.00",38848.0000000000
985000,1935000,다사83,"52075.00",52075.0000000000
985000,1945000,다사84,"18744.00",18744.0000000000
985000,1955000,다사85,"16818.00",16818.0000000000
985000,1965000,다사86,"110963.00",110963.0000000000
985000,1975000,다사87,"9136.00",9136.0000000000
985000,1985000,다사88,"8217.00",8217.0000000000
985000,1995000,다사89,"10199.00",10199.0000000000
995000,1905000,다사90,"8906.00",8906.0000000000
995000,1915000,다사91,"64685.00",64685.0000000000
995000,1925000,다사92,"102533.00",102533.0000000000
995000,1935000,다사93,"7160.00",7160.0000000000
995000,1945000,다사94,"39812.00",39812.0000000000
995000,1955000,다사95,"4957.00",4957.0000000000
995000,1965000,다사96,"7029.00",7029.0000000000
995000,1975000,다사97,"13128.00",13128.0000000000
995000,1985000,다사98,"1530.00",1530.0000000000
995000,1995000,다사99,"908.00",908.0000000000
935000,2005000,다아30,,
945000,2005000,다아40,"1650.00",1650.0000000000
945000,2015000,다아41,,
955000,2005000,다아50,"4429.00",4429.0000000000
955000,2015000,다아51,"772.00",772.0000000000
955000,2025000,다아52,,
965000,2005000,다아60,"23870.00",23870.0000000000
965000,2015000,다아61,"5722.00",5722.0000000000
965000,2025000,다아62,"1710.00",1710.0000000000
965000,2035000,다아63,,
975000,2005000,다아70,"5611.00",5611.0000000000
975000,2015000,다아71,"4537.00",4537.0000000000
975000,2025000,다아72,"17853.00",17853.0000000000
975000,2035000,다아73,"3.00",3.0000000000
985000,2005000,다아80,"7438.00",7438.0000000000
985000,2015000,다아81,"11047.00",11047.0000000000
985000,2025000,다아82,"4590.00",4590.0000000000
985000,2035000,다아83,"368.00",368.0000000000
995000,2005000,다아90,"1046.00",1046.0000000000
995000,2015000,다아91,"1994.00",1994.0000000000
995000,2025000,다아92,"7182.00",7182.0000000000
995000,2035000,다아93,"307.00",307.0000000000
1005000,1555000,라다05,,
1005000,1565000,라다06,,
1005000,1575000,라다07,,
1005000,1585000,라다08,"17.00",17.0000000000
1005000,1595000,라다09,,
1015000,1555000,라다15,,
1015000,1565000,라다16,,
1035000,1585000,라다38,,
1005000,1605000,라라00,"131.00",131.0000000000
1005000,1615000,라라01,,
1005000,1625000,라라02,"1229.00",1229.0000000000
1005000,1635000,라라03,"2752.00",2752.0000000000
1005000,1645000,라라04,"3220.00",3220.0000000000
1005000,1655000,라라05,"29241.00",29241.0000000000
1005000,1665000,라라06,"180248.00",180248.0000000000
1005000,1675000,라라07,"1735.00",1735.0000000000
1005000,1685000,라라08,"2846.00",2846.0000000000
1005000,1695000,라라09,"1430.00",1430.0000000000
1015000,1615000,라라11,"536.00",536.0000000000
1015000,1625000,라라12,"1610.00",1610.0000000000
1015000,1635000,라라13,"78045.00",78045.0000000000
1015000,1645000,라라14,"109600.00",109600.0000000000
1015000,1655000,라라15,"17125.00",17125.0000000000
1015000,1665000,라라16,"63647.00",63647.0000000000
1015000,1675000,라라17,"2571.00",2571.0000000000
1015000,1685000,라라18,"5263.00",5263.0000000000
1015000,1695000,라라19,"1849.00",1849.0000000000
1025000,1605000,라라20,"526.00",526.0000000000
1025000,1615000,라라21,"1683.00",1683.0000000000
1025000,1625000,라라22,"5015.00",5015.0000000000
1025000,1635000,라라23,"39619.00",39619.0000000000
1025000,1645000,라라24,"9262.00",9262.0000000000
1025000,1655000,라라25,"2174.00",2174.0000000000
1025000,1665000,라라26,"19561.00",19561.0000000000
1025000,1675000,라라27,"13505.00",13505.0000000000
1025000,1685000,라라28,"2185.00",2185.0000000000
1025000,1695000,라라29,"2704.00",2704.0000000000
1035000,1605000,라라30,,
1035000,1635000,라라33,"1125.00",1125.0000000000
1035000,1645000,라라34,"15064.00",15064.0000000000
1035000,1655000,라라35,"8580.00",8580.0000000000
1035000,1665000,라라36,"5601.00",5601.0000000000
1035000,1675000,라라37,"6399.00",6399.0000000000
1035000,1685000,라라38,"5258.00",5258.0000000000
1035000,1695000,라라39,"5257.00",5257.0000000000
1045000,1625000,라라42,,
1045000,1635000,라라43,"2794.00",2794.0000000000
1045000,1645000,라라44,"5550.00",5550.0000000000
1045000,1655000,라라45,"4435.00",4435.0000000000
1045000,1665000,라라46,"3688.00",3688.0000000000
1045000,1675000,라라47,"4605.00",4605.0000000000
1045000,1685000,라라48,"5548.00",5548.0000000000
1045000,1695000,라라49,"5394.00",5394.0000000000
1055000,1615000,라라51,,
1055000,1625000,라라52,,
1055000,1635000,라라53,"871.00",871.0000000000
1055000,1645000,라라54,"1123.00",1123.0000000000
1055000,1655000,라라55,"15955.00",15955.0000000000
1055000,1665000,라라56,"32802.00",32802.0000000000
1055000,1675000,라라57,"49917.00",49917.0000000000
1055000,1685000,라라58,"262038.00",262038.0000000000
1055000,1695000,라라59,"44452.00",44452.0000000000
1065000,1615000,라라61,"21.00",21.0000000000
1065000,1625000,라라62,"621.00",621.0000000000
1065000,1635000,라라63,"275.00",275.0000000000
1065000,1645000,라라64,"711.00",711.0000000000
1065000,1655000,라라65,"1854.00",1854.0000000000
1065000,1665000,라라66,"3020.00",3020.0000000000
1065000,1675000,라라67,"3873.00",3873.0000000000
1065000,1685000,라라68,"11423.00",11423.0000000000
1065000,1695000,라라69,"5276.00",5276.0000000000
1075000,1615000,라라71,,
1075000,1625000,라라72,"924.00",924.0000000000
1075000,1635000,라라73,"18.00",18.0000000000
1075000,1645000,라라74,"927.00",927.0000000000
1075000,1655000,라라75,"2400.00",2400.0000000000
1075000,1665000,라라76,"26694.00",26694.0000000000
1075000,1675000,라라77,"5972.00",5972.0000000000
1075000,1685000,라라78,"5446.00",5446.0000000000
1075000,1695000,라라79,"6065.00",6065.0000000000
1085000,1615000,라라81,"12.00",12.0000000000
1085000,1625000,라라82,"26.00",26.0000000000
1085000,1635000,라라83,"420.00",420.0000000000
1085000,1645000,라라84,"32326.00",32326.0000000000
1085000,1655000,라라85,"80106.00",80106.0000000000
1085000,1665000,라라86,"8383.00",8383.0000000000
1085000,1675000,라라87,"5719.00",5719.0000000000
1085000,1685000,라라88,"8285.00",8285.0000000000
1085000,1695000,라라89,"21823.00",21823.0000000000
1095000,1615000,라라91,,
1095000,1625000,라라92,"132.00",132.0000000000
1095000,1635000,라라93,"378.00",378.0000000000
1095000,1645000,라라94,"3131.00",3131.0000000000
1095000,1655000,라라95,"17111.00",17111.0000000000
1095000,1665000,라라96,"1105.00",1105.0000000000
1095000,1675000,라라97,"2502.00",2502.0000000000
1095000,1685000,라라98,"103500.00",103500.0000000000
1095000,1695000,라라99,"249074.00",249074.0000000000
1005000,1705000,라마00,"303.00",303.0000000000
1005000,1715000,라마01,"5667.00",5667.0000000000
1005000,1725000,라마02,"3166.00",3166.0000000000
1005000,1735000,라마03,"5748.00",5748.0000000000
1005000,1745000,라마04,"6971.00",6971.0000000000
1005000,1755000,라마05,"1939.00",1939.0000000000
1005000,1765000,라마06,"2327.00",2327.0000000000
1005000,1775000,라마07,"2465.00",2465.0000000000
1005000,1785000,라마08,"4984.00",4984.0000000000
1005000,1795000,라마09,"3998.00",3998.0000000000
1015000,1705000,라마10,"644.00",644.0000000000
1015000,1715000,라마11,"3841.00",3841.0000000000
1015000,1725000,라마12,"4925.00",4925.0000000000
1015000,1735000,라마13,"1356.00",1356.0000000000
1015000,1745000,라마14,"2516.00",2516.0000000000
1015000,1755000,라마15,"1665.00",1665.0000000000
1015000,1765000,라마16,"4626.00",4626.0000000000
1015000,1775000,라마17,"9838.00",9838.0000000000
1015000,1785000,라마18,"2823.00",2823.0000000000
1015000,1795000,라마19,"3466.00",3466.0000000000
1025000,1705000,라마20,"490.00",490.0000000000
1025000,1715000,라마21,"3022.00",3022.0000000000
1025000,1725000,라마22,"19650.00",19650.0000000000
1025000,1735000,라마23,"5137.00",5137.0000000000
1025000,1745000,라마24,"1165.00",1165.0000000000
1025000,1755000,라마25,"1927.00",1927.0000000000
1025000,1765000,라마26,"1427.00",1427.0000000000
1025000,1775000,라마27,"2326.00",2326.0000000000
1025000,1785000,라마28,"1407.00",1407.0000000000
1025000,1795000,라마29,"20588.00",20588.0000000000
1035000,1705000,라마30,"2971.00",2971.0000000000
1035000,1715000,라마31,"8683.00",8683.0000000000
1035000,1725000,라마32,"2928.00",2928.0000000000
1035000,1735000,라마33,"2805.00",2805.0000000000
1035000,1745000,라마34,"41243.00",41243.0000000000
1035000,1755000,라마35,"3550.00",3550.0000000000
1035000,1765000,라마36,"2208.00",2208.0000000000
1035000,1775000,라마37,"2345.00",2345.0000000000
1035000,1785000,라마38,"810.00",810.0000000000
1035000,1795000,라마39,"2885.00",2885.0000000000
1045000,1705000,라마40,"7296.00",7296.0000000000
1045000,1715000,라마41,"2970.00",2970.0000000000
1045000,1725000,라마42,"2201.00",2201.0000000000
1045000,1735000,라마43,"1820.00",1820.0000000000
1045000,1745000,라마44,"4742.00",4742.0000000000
1045000,1755000,라마45,"1375.00",1375.0000000000
1045000,1765000,라마46,"1546.00",1546.0000000000
1045000,1775000,라마47,"2722.00",2722.0000000000
1045000,1785000,라마48,"1582.00",1582.0000000000
1045000,1795000,라마49,"5259.00",5259.0000000000
1055000,1705000,라마50,"2758.00",2758.0000000000
1055000,1715000,라마51,"3944.00",3944.0000000000
1055000,1725000,라마52,"4470.00",4470.0000000000
1055000,1735000,라마53,"6451.00",6451.0000000000
1055000,1745000,라마54,"2893.00",2893.0000000000
1055000,1755000,라마55,"3397.00",3397.0000000000
1055000,1765000,라마56,"1575.00",1575.0000000000
1055000,1775000,라마57,"1531.00",1531.0000000000
1055000,1785000,라마58,"5558.00",5558.0000000000
1055000,1795000,라마59,"77354.00",77354.0000000000
1065000,1705000,라마60,"10611.00",10611.0000000000
1065000,1715000,라마61,"2416.00",2416.0000000000
1065000,1725000,라마62,"5140.00",5140.0000000000
1065000,1735000,라마63,"5620.00",5620.0000000000
1065000,1745000,라마64,"12296.00",12296.0000000000
1065000,1755000,라마65,"4234.00",4234.0000000000
1065000,1765000,라마66,"5471.00",5471.0000000000
1065000,1775000,라마67,"7780.00",7780.0000000000
1065000,1785000,라마68,"3719.00",3719.0000000000
1065000,1795000,라마69,"32887.00",32887.0000000000
1075000,1705000,라마70,"6934.00",6934.0000000000
1075000,1715000,라마71,"4095.00",4095.0000000000
1075000,1725000,라마72,"3169.00",3169.0000000000
1075000,1735000,라마73,"4032.00",4032.0000000000
1075000,1745000,라마74,"3432.00",3432.0000000000
1075000,1755000,라마75,"4125.00",4125.0000000000
1075000,1765000,라마76,"16204.00",16204.0000000000
1075000,1775000,라마77,"9991.00",9991.0000000000
1075000,1785000,라마78,"83876.00",83876.0000000000
1075000,1795000,라마79,"182374.00",182374.0000000000
1085000,1705000,라마80,"6651.00",6651.0000000000
1085000,1715000,라마81,"14408.00",14408.0000000000
1085000,1725000,라마82,"9991.00",9991.0000000000
1085000,1735000,라마83,"7041.00",7041.0000000000
1085000,1745000,라마84,"79314.00",79314.0000000000
1085000,1755000,라마85,"52390.00",52390.0000000000
1085000,1765000,라마86,"102511.00",102511.0000000000
1085000,1775000,라마87,"36291.00",36291.0000000000
1085000,1785000,라마88,"78100.00",78100.0000000000
1085000,1795000,라마89,"93959.00",93959.0000000000
1095000,1705000,라마90,"47889.00",47889.0000000000
1095000,1715000,라마91,"11691.00",11691.0000000000
1095000,1725000,라마92,"13130.00",13130.0000000000
1095000,1735000,라마93,"3432.00",3432.0000000000
1095000,1745000,라마94,"2501.00",2501.0000000000
1095000,1755000,라마95,"285265.00",285265.0000000000
1095000,1765000,라마96,"804590.00",804590.0000000000
1095000,1775000,라마97,"162884.00",162884.0000000000
1095000,1785000,라마98,"3065.00",3065.0000000000
1095000,1795000,라마99,"4413.00",4413.0000000000
1005000,1805000,라바00,"5601.00",5601.0000000000
1005000,1815000,라바01,"28548.00",28548.0000000000
1005000,1825000,라바02,"1441.00",1441.0000000000
1005000,1835000,라바03,"4909.00",4909.0000000000
1005000,1845000,라바04,"146061.00",146061.0000000000
1005000,1855000,라바05,"31199.00",31199.0000000000
1005000,1865000,라바06,"38029.00",38029.0000000000
1005000,1875000,라바07,"38223.00",38223.0000000000
1005000,1885000,라바08,"26612.00",26612.0000000000
1005000,1895000,라바09,"9392.00",9392.0000000000
1015000,1805000,라바10,"6219.00",6219.0000000000
1015000,1815000,라바11,"3048.00",3048.0000000000
1015000,1825000,라바12,"3127.00",3127.0000000000
1015000,1835000,라바13,"10770.00",10770.0000000000
1015000,1845000,라바14,"4160.00",4160.0000000000
1015000,1855000,라바15,"2688.00",2688.0000000000
1015000,1865000,라바16,"6239.00",6239.0000000000
1015000,1875000,라바17,"4543.00",4543.0000000000
1015000,1885000,라바18,"16242.00",16242.0000000000
1015000,1895000,라바19,"3723.00",3723.0000000000
1025000,1805000,라바20,"4423.00",4423.0000000000
1025000,1815000,라바21,"4080.00",4080.0000000000
1025000,1825000,라바22,"6243.00",6243.0000000000
1025000,1835000,라바23,"7793.00",7793.0000000000
1025000,1845000,라바24,"2067.00",2067.0000000000
1025000,1855000,라바25,"3398.00",3398.0000000000
1025000,1865000,라바26,"11046.00",11046.0000000000
1025000,1875000,라바27,"4487.00",4487.0000000000
1025000,1885000,라바28,"13134.00",13134.0000000000
1025000,1895000,라바29,"14265.00",14265.0000000000
1035000,1805000,라바30,"4439.00",4439.0000000000
1035000,1815000,라바31,"1775.00",1775.0000000000
1035000,1825000,라바32,"3183.00",3183.0000000000
1035000,1835000,라바33,"681.00",681.0000000000
1035000,1845000,라바34,"1132.00",1132.0000000000
1035000,1855000,라바35,"1089.00",1089.0000000000
1035000,1865000,라바36,"3672.00",3672.0000000000
1035000,1875000,라바37,"3808.00",3808.0000000000
1035000,1885000,라바38,"148555.00",148555.0000000000
1035000,1895000,라바39,"11756.00",11756.0000000000
1045000,1805000,라바40,"3331.00",3331.0000000000
1045000,1815000,라바41,"3767.00",3767.0000000000
1045000,1825000,라바42,"3355.00",3355.0000000000
1045000,1835000,라바43,"1544.00",1544.0000000000
1045000,1845000,라바44,"3048.00",3048.0000000000
1045000,1855000,라바45,"1356.00",1356.0000000000
1045000,1865000,라바46,"2501.00",2501.0000000000
1045000,1875000,라바47,"4160.00",4160.0000000000
1045000,1885000,라바48,"2845.00",2845.0000000000
1045000,1895000,라바49,"3264.00",3264.0000000000
1055000,1805000,라바50,"4494.00",4494.0000000000
1055000,1815000,라바51,"6438.00",6438.0000000000
1055000,1825000,라바52,"41410.00",41410.0000000000
1055000,1835000,라바53,"4647.00",4647.0000000000
1055000,1845000,라바54,"5154.00",5154.0000000000
1055000,1855000,라바55,"6578.00",6578.0000000000
1055000,1865000,라바56,"3781.00",3781.0000000000
1055000,1875000,라바57,"1574.00",1574.0000000000
1055000,1885000,라바58,"1580.00",1580.0000000000
1055000,1895000,라바59,"1766.00",1766.0000000000
1065000,1805000,라바60,"5207.00",5207.0000000000
1065000,1815000,라바61,"2267.00",2267.0000000000
1065000,1825000,라바62,"9268.00",9268.0000000000
1065000,1835000,라바63,"5045.00",5045.0000000000
1065000,1845000,라바64,"50040.00",50040.0000000000
1065000,1855000,라바65,"2856.00",2856.0000000000
1065000,1865000,라바66,"1053.00",1053.0000000000
1065000,1875000,라바67,"1364.00",1364.0000000000
1065000,1885000,라바68,"1701.00",1701.0000000000
1065000,1895000,라바69,"2335.00",2335.0000000000
1075000,1805000,라바70,"19821.00",19821.0000000000
1075000,1815000,라바71,"3671.00",3671.0000000000
1075000,1825000,라바72,"4421.00",4421.0000000000
1075000,1835000,라바73,"4236.00",4236.0000000000
1075000,1845000,라바74,"3931.00",3931.0000000000
1075000,1855000,라바75,"2292.00",2292.0000000000
1075000,1865000,라바76,"1496.00",1496.0000000000
1075000,1875000,라바77,"1616.00",1616.0000000000
1075000,1885000,라바78,"12092.00",12092.0000000000
1075000,1895000,라바79,"5662.00",5662.0000000000
1085000,1805000,라바80,"2956.00",2956.0000000000
1085000,1815000,라바81,"3720.00",3720.0000000000
1085000,1825000,라바82,"6291.00",6291.0000000000
1085000,1835000,라바83,"2924.00",2924.0000000000
1085000,1845000,라바84,"25814.00",25814.0000000000
1085000,1855000,라바85,"16008.00",16008.0000000000
1085000,1865000,라바86,"3051.00",3051.0000000000
1085000,1875000,라바87,"2050.00",2050.0000000000
1085000,1885000,라바88,"1105.00",1105.0000000000
1085000,1895000,라바89,"2591.00",2591.0000000000
1095000,1805000,라바90,"8023.00",8023.0000000000
1095000,1815000,라바91,"4567.00",4567.0000000000
1095000,1825000,라바92,"1435.00",1435.0000000000
1095000,1835000,라바93,"1486.00",1486.0000000000
1095000,1845000,라바94,"6544.00",6544.0000000000
1095000,1855000,라바95,"2844.00",2844.0000000000
1095000,1865000,라바96,"28607.00",28607.0000000000
1095000,1875000,라바97,"24409.00",24409.0000000000
1095000,1885000,라바98,"2393.00",2393.0000000000
1095000,1895000,라바99,"477.00",477.0000000000
1005000,1905000,라사00,"9449.00",9449.0000000000
1005000,1915000,라사01,"20831.00",20831.0000000000
1005000,1925000,라사02,"13870.00",13870.0000000000
1005000,1935000,라사03,"11638.00",11638.0000000000
1005000,1945000,라사04,"29103.00",29103.0000000000
1005000,1955000,라사05,"1817.00",1817.0000000000
1005000,1965000,라사06,"4080.00",4080.0000000000
1005000,1975000,라사07,"4335.00",4335.0000000000
1005000,1985000,라사08,"15218.00",15218.0000000000
1005000,1995000,라사09,"949.00",949.0000000000
1015000,1905000,라사10,"19516.00",19516.0000000000
1015000,1915000,라사11,"19283.00",19283.0000000000
1015000,1925000,라사12,"46451.00",46451.0000000000
1015000,1935000,라사13,"5319.00",5319.0000000000
1015000,1945000,라사14,"9285.00",9285.0000000000
1015000,1955000,라사15,"3405.00",3405.0000000000
1015000,1965000,라사16,"2218.00",2218.0000000000
1015000,1975000,라사17,"3965.00",3965.0000000000
1015000,1985000,라사18,"49152.00",49152.0000000000
1015000,1995000,라사19,"7288.00",7288.0000000000
1025000,1905000,라사20,"4035.00",4035.0000000000
1025000,1915000,라사21,"3180.00",3180.0000000000
1025000,1925000,라사22,"17661.00",17661.0000000000
1025000,1935000,라사23,"3112.00",3112.0000000000
1025000,1945000,라사24,"1900.00",1900.0000000000
1025000,1955000,라사25,"5203.00",5203.0000000000
1025000,1965000,라사26,"2021.00",2021.0000000000
1025000,1975000,라사27,"1638.00",1638.0000000000
1025000,1985000,라사28,"194267.00",194267.0000000000
1025000,1995000,라사29,"12020.00",12020.0000000000
1035000,1905000,라사30,"3245.00",3245.0000000000
1035000,1915000,라사31,"2283.00",2283.0000000000
1035000,1925000,라사32,"143841.00",143841.0000000000
1035000,1935000,라사33,"43612.00",43612.0000000000
1035000,1945000,라사34,"2158.00",2158.0000000000
1035000,1955000,라사35,"2292.00",2292.0000000000
1035000,1965000,라사36,"35179.00",35179.0000000000
1035000,1975000,라사37,"1876.00",1876.0000000000
1035000,1985000,라사38,"525.00",525.0000000000
1035000,1995000,라사39,"423.00",423.0000000000
1045000,1905000,라사40,"3207.00",3207.0000000000
1045000,1915000,라사41,"1331.00",1331.0000000000
1045000,1925000,라사42,"112327.00",112327.0000000000
1045000,1935000,라사43,"22853.00",22853.0000000000
1045000,1945000,라사44,"21837.00",21837.0000000000
1045000,1955000,라사45,"2084.00",2084.0000000000
1045000,1965000,라사46,"1616.00",1616.0000000000
1045000,1975000,라사47,"3170.00",3170.0000000000
1045000,1985000,라사48,"1695.00",1695.0000000000
1045000,1995000,라사49,"1490.00",1490.0000000000
1055000,1905000,라사50,"8760.00",8760.0000000000
1055000,1915000,라사51,"2634.00",2634.0000000000
1055000,1925000,라사52,"1393.00",1393.0000000000
1055000,1935000,라사53,"3316.00",3316.0000000000
1055000,1945000,라사54,"3671.00",3671.0000000000
1055000,1955000,라사55,"2299.00",2299.0000000000
1055000,1965000,라사56,"879.00",879.0000000000
1055000,1975000,라사57,"2063.00",2063.0000000000
1055000,1985000,라사58,"599.00",599.0000000000
1055000,1995000,라사59,"1919.00",1919.0000000000
1065000,1905000,라사60,"106279.00",106279.0000000000
1065000,1915000,라사61,"4746.00",4746.0000000000
1065000,1925000,라사62,"2235.00",2235.0000000000
1065000,1935000,라사63,"992.00",992.0000000000
1065000,1945000,라사64,"5053.00",5053.0000000000
1065000,1955000,라사65,"1121.00",1121.0000000000
1065000,1965000,라사66,"2450.00",2450.0000000000
1065000,1975000,라사67,"351.00",351.0000000000
1065000,1985000,라사68,"1123.00",1123.0000000000
1065000,1995000,라사69,"792.00",792.0000000000
1075000,1905000,라사70,"3621.00",3621.0000000000
1075000,1915000,라사71,"3206.00",3206.0000000000
1075000,1925000,라사72,"2830.00",2830.0000000000
1075000,1935000,라사73,"5858.00",5858.0000000000
1075000,1945000,라사74,"964.00",964.0000000000
1075000,1955000,라사75,"5184.00",5184.0000000000
1075000,1965000,라사76,"675.00",675.0000000000
1075000,1975000,라사77,"1603.00",1603.0000000000
1075000,1985000,라사78,"313.00",313.0000000000
1075000,1995000,라사79,"3474.00",3474.0000000000
1085000,1905000,라사80,"13867.00",13867.0000000000
1085000,1915000,라사81,"7459.00",7459.0000000000
1085000,1925000,라사82,"1719.00",1719.0000000000
1085000,1935000,라사83,"2131.00",2131.0000000000
1085000,1945000,라사84,"3779.00",3779.0000000000
1085000,1955000,라사85,"2440.00",2440.0000000000
1085000,1965000,라사86,"764.00",764.0000000000
1085000,1975000,라사87,"215.00",215.0000000000
1085000,1985000,라사88,"538.00",538.0000000000
1085000,1995000,라사89,"393.00",393.0000000000
1095000,1905000,라사90,"1333.00",1333.0000000000
1095000,1915000,라사91,"1189.00",1189.0000000000
1095000,1925000,라사92,"906.00",906.0000000000
1095000,1935000,라사93,"1084.00",1084.0000000000
1095000,1945000,라사94,"317.00",317.0000000000
1095000,1955000,라사95,"1633.00",1633.0000000000
1095000,1965000,라사96,"6697.00",6697.0000000000
1095000,1975000,라사97,"117.00",117.0000000000
1095000,1985000,라사98,"105.00",105.0000000000
1095000,1995000,라사99,"304.00",304.0000000000
1005000,2005000,라아00,"4621.00",4621.0000000000
1005000,2015000,라아01,"1136.00",1136.0000000000
1005000,2025000,라아02,"651.00",651.0000000000
1005000,2035000,라아03,"296.00",296.0000000000
1015000,2005000,라아10,"2364.00",2364.0000000000
1015000,2015000,라아11,"9808.00",9808.0000000000
1015000,2025000,라아12,"1203.00",1203.0000000000
1015000,2035000,라아13,,
1025000,2005000,라아20,"2474.00",2474.0000000000
1025000,2015000,라아21,"956.00",956.0000000000
1025000,2025000,라아22,"12.00",12.0000000000
1025000,2035000,라아23,,
1035000,2005000,라아30,"644.00",644.0000000000
1035000,2015000,라아31,"443.00",443.0000000000
1035000,2025000,라아32,"900.00",900.0000000000
1035000,2035000,라아33,,
1045000,2005000,라아40,"1880.00",1880.0000000000
1045000,2015000,라아41,"14222.00",14222.0000000000
1045000,2025000,라아42,"1679.00",1679.0000000000
1045000,2035000,라아43,,
1055000,2005000,라아50,"7948.00",7948.0000000000
1055000,2015000,라아51,"449.00",449.0000000000
1055000,2025000,라아52,"189.00",189.0000000000
1055000,2035000,라아53,"1087.00",1087.0000000000
1065000,2005000,라아60,"1527.00",1527.0000000000
1065000,2015000,라아61,"6670.00",6670.0000000000
1065000,2025000,라아62,"2098.00",2098.0000000000
1065000,2035000,라아63,"1.00",1.0000000000
1065000,2045000,라아64,,
1065000,2055000,라아65,,
1075000,2005000,라아70,"931.00",931.0000000000
1075000,2015000,라아71,"48.00",48.0000000000
1075000,2025000,라아72,"1171.00",1171.0000000000
1075000,2035000,라아73,"339.00",339.0000000000
1075000,2045000,라아74,"480.00",480.0000000000
1075000,2055000,라아75,"489.00",489.0000000000
1075000,2065000,라아76,"254.00",254.0000000000
1085000,2005000,라아80,"520.00",520.0000000000
1085000,2015000,라아81,"147.00",147.0000000000
1085000,2025000,라아82,"1156.00",1156.0000000000
1085000,2035000,라아83,"2710.00",2710.0000000000
1085000,2045000,라아84,"8146.00",8146.0000000000
1085000,2055000,라아85,"4185.00",4185.0000000000
1095000,2005000,라아90,"12878.00",12878.0000000000
1095000,2015000,라아91,"8792.00",8792.0000000000
1095000,2025000,라아92,"81425.00",81425.0000000000
1095000,2035000,라아93,"2979.00",2979.0000000000
1105000,1625000,마라02,,
1105000,1635000,마라03,"1061.00",1061.0000000000
1105000,1645000,마라04,"6524.00",6524.0000000000
1105000,1655000,마라05,"176368.00",176368.0000000000
1105000,1665000,마라06,"7688.00",7688.0000000000
1105000,1675000,마라07,"1571.00",1571.0000000000
1105000,1685000,마라08,"107565.00",107565.0000000000
1105000,1695000,마라09,"333281.00",333281.0000000000
1115000,1615000,마라11,,
1115000,1635000,마라13,,
1115000,1645000,마라14,"2116.00",2116.0000000000
1115000,1655000,마라15,"15488.00",15488.0000000000
1115000,1665000,마라16,"1286.00",1286.0000000000
1115000,1675000,마라17,"50631.00",50631.0000000000
1115000,1685000,마라18,"129592.00",129592.0000000000
1115000,1695000,마라19,"71988.00",71988.0000000000
1125000,1665000,마라26,"475.00",475.0000000000
1125000,1675000,마라27,"100655.00",100655.0000000000
1125000,1685000,마라28,"61387.00",61387.0000000000
1125000,1695000,마라29,"286614.00",286614.0000000000
1135000,1655000,마라35,,
1135000,1665000,마라36,,
1135000,1675000,마라37,"327473.00",327473.0000000000
1135000,1685000,마라38,"454642.00",454642.0000000000
1135000,1695000,마라39,"262633.00",262633.0000000000
1145000,1675000,마라47,"111342.00",111342.0000000000
1145000,1685000,마라48,"1054659.00",1054659.0000000000
1145000,1695000,마라49,"535337.00",535337.0000000000
1155000,1685000,마라58,"167212.00",167212.0000000000
1155000,1695000,마라59,"108146.00",108146.0000000000
1105000,1705000,마마00,"20440.00",20440.0000000000
1105000,1715000,마마01,"6720.00",6720.0000000000
1105000,1725000,마마02,"5562.00",5562.0000000000
1105000,1735000,마마03,"5789.00",5789.0000000000
1105000,1745000,마마04,"7567.00",7567.0000000000
1105000,1755000,마마05,"87163.00",87163.0000000000
1105000,1765000,마마06,"630173.00",630173.0000000000
1105000,1775000,마마07,"41814.00",41814.0000000000
1105000,1785000,마마08,"2691.00",2691.0000000000
1105000,1795000,마마09,"3830.00",3830.0000000000
1115000,1705000,마마10,"64106.00",64106.0000000000
1115000,1715000,마마11,"10608.00",10608.0000000000
1115000,1725000,마마12,"59497.00",59497.0000000000
1115000,1735000,마마13,"14658.00",14658.0000000000
1115000,1745000,마마14,"4915.00",4915.0000000000
1115000,1755000,마마15,"123771.00",123771.0000000000
1115000,1765000,마마16,"164040.00",164040.0000000000
1115000,1775000,마마17,"7204.00",7204.0000000000
1115000,1785000,마마18,"4554.00",4554.0000000000
1115000,1795000,마마19,"1735.00",1735.0000000000
1125000,1705000,마마20,"5864.00",5864.0000000000
1125000,1715000,마마21,"5035.00",5035.0000000000
1125000,1725000,마마22,"4183.00",4183.0000000000
1125000,1735000,마마23,"3283.00",3283.0000000000
1125000,1745000,마마24,"4687.00",4687.0000000000
1125000,1755000,마마25,"6095.00",6095.0000000000
1125000,1765000,마마26,"11445.00",11445.0000000000
1125000,1775000,마마27,"34323.00",34323.0000000000
1125000,1785000,마마28,"5868.00",5868.0000000000
1125000,1795000,마마29,"1937.00",1937.0000000000
1135000,1705000,마마30,"204488.00",204488.0000000000
1135000,1715000,마마31,"4206.00",4206.0000000000
1135000,1725000,마마32,"1117.00",1117.0000000000
1135000,1735000,마마33,"1372.00",1372.0000000000
1135000,1745000,마마34,"1011.00",1011.0000000000
1135000,1755000,마마35,"1951.00",1951.0000000000
1135000,1765000,마마36,"4928.00",4928.0000000000
1135000,1775000,마마37,"35168.00",35168.0000000000
1135000,1785000,마마38,"4041.00",4041.0000000000
1135000,1795000,마마39,"1236.00",1236.0000000000
1145000,1705000,마마40,"32736.00",32736.0000000000
1145000,1715000,마마41,"41816.00",41816.0000000000
1145000,1725000,마마42,"20542.00",20542.0000000000
1145000,1735000,마마43,"39947.00",39947.0000000000
1145000,1745000,마마44,"2385.00",2385.0000000000
1145000,1755000,마마45,"3114.00",3114.0000000000
1145000,1765000,마마46,"9990.00",9990.0000000000
1145000,1775000,마마47,"2484.00",2484.0000000000
1145000,1785000,마마48,"1600.00",1600.0000000000
1145000,1795000,마마49,"2157.00",2157.0000000000
1155000,1705000,마마50,"89986.00",89986.0000000000
1155000,1715000,마마51,"60729.00",60729.0000000000
1155000,1725000,마마52,"54850.00",54850.0000000000
1155000,1735000,마마53,"70677.00",70677.0000000000
1155000,1745000,마마54,"4780.00",4780.0000000000
1155000,1755000,마마55,"9028.00",9028.0000000000
1155000,1765000,마마56,"140191.00",140191.0000000000
1155000,1775000,마마57,"23798.00",23798.0000000000
1155000,1785000,마마58,"6404.00",6404.0000000000
1155000,1795000,마마59,"3492.00",3492.0000000000
1165000,1705000,마마60,"10288.00",10288.0000000000
1165000,1715000,마마61,"51104.00",51104.0000000000
1165000,1725000,마마62,"292803.00",292803.0000000000
1165000,1735000,마마63,"338134.00",338134.0000000000
1165000,1745000,마마64,"55684.00",55684.0000000000
1165000,1755000,마마65,"13140.00",13140.0000000000
1165000,1765000,마마66,"2474.00",2474.0000000000
1165000,1775000,마마67,"25427.00",25427.0000000000
1165000,1785000,마마68,"294339.00",294339.0000000000
1165000,1795000,마마69,"28822.00",28822.0000000000
1175000,1715000,마마71,,
1175000,1725000,마마72,"169062.00",169062.0000000000
1175000,1735000,마마73,"19287.00",19287.0000000000
1175000,1745000,마마74,"6590.00",6590.0000000000
1175000,1755000,마마75,"4906.00",4906.0000000000
1175000,1765000,마마76,"1444.00",1444.0000000000
1175000,1775000,마마77,"72903.00",72903.0000000000
1175000,1785000,마마78,"44268.00",44268.0000000000
1175000,1795000,마마79,"1768.00",1768.0000000000
1185000,1755000,마마85,"3554.00",3554.0000000000
1185000,1765000,마마86,"2174.00",2174.0000000000
1185000,1775000,마마87,"6736.00",6736.0000000000
1185000,1785000,마마88,"3059.00",3059.0000000000
1185000,1795000,마마89,,
1105000,1805000,마바00,"5153.00",5153.0000000000
1105000,1815000,마바01,"14174.00",14174.0000000000
1105000,1825000,마바02,"2825.00",2825.0000000000
1105000,1835000,마바03,"6033.00",6033.0000000000
1105000,1845000,마바04,"75816.00",75816.0000000000
1105000,1855000,마바05,"3256.00",3256.0000000000
1105000,1865000,마바06,"22632.00",22632.0000000000
1105000,1875000,마바07,"17811.00",17811.0000000000
1105000,1885000,마바08,"4128.00",4128.0000000000
1105000,1895000,마바09,"430.00",430.0000000000
1115000,1805000,마바10,"2457.00",2457.0000000000
1115000,1815000,마바11,"2190.00",2190.0000000000
1115000,1825000,마바12,"2366.00",2366.0000000000
1115000,1835000,마바13,"11415.00",11415.0000000000
1115000,1845000,마바14,"31880.00",31880.0000000000
1115000,1855000,마바15,"2550.00",2550.0000000000
1115000,1865000,마바16,"1967.00",1967.0000000000
1115000,1875000,마바17,"7703.00",7703.0000000000
1115000,1885000,마바18,"2582.00",2582.0000000000
1115000,1895000,마바19,"744.00",744.0000000000
1125000,1805000,마바20,"2268.00",2268.0000000000
1125000,1815000,마바21,"976.00",976.0000000000
1125000,1825000,마바22,"1682.00",1682.0000000000
1125000,1835000,마바23,"1958.00",1958.0000000000
1125000,1845000,마바24,"1022.00",1022.0000000000
1125000,1855000,마바25,"1422.00",1422.0000000000
1125000,1865000,마바26,"922.00",922.0000000000
1125000,1875000,마바27,"2268.00",2268.0000000000
1125000,1885000,마바28,"4066.00",4066.0000000000
1125000,1895000,마바29,"121.00",121.0000000000
1135000,1805000,마바30,"1509.00",1509.0000000000
1135000,1815000,마바31,"3109.00",3109.0000000000
1135000,1825000,마바32,"4344.00",4344.0000000000
1135000,1835000,마바33,"5560.00",5560.0000000000
1135000,1845000,마바34,"1566.00",1566.0000000000
1135000,1855000,마바35,"958.00",958.0000000000
1135000,1865000,마바36,"1355.00",1355.0000000000
1135000,1875000,마바37,"972.00",972.0000000000
1135000,1885000,마바38,"1340.00",1340.0000000000
1135000,1895000,마바39,"1866.00",1866.0000000000
1145000,1805000,마바40,"880.00",880.0000000000
1145000,1815000,마바41,"2426.00",2426.0000000000
1145000,1825000,마바42,"2349.00",2349.0000000000
1145000,1835000,마바43,"1818.00",1818.0000000000
1145000,1845000,마바44,"2852.00",2852.0000000000
1145000,1855000,마바45,"7313.00",7313.0000000000
1145000,1865000,마바46,"1012.00",1012.0000000000
1145000,1875000,마바47,"261.00",261.0000000000
1145000,1885000,마바48,"493.00",493.0000000000
1145000,1895000,마바49,"139.00",139.0000000000
1155000,1805000,마바50,"625.00",625.0000000000
1155000,1815000,마바51,"843.00",843.0000000000
1155000,1825000,마바52,"838.00",838.0000000000
1155000,1835000,마바53,"962.00",962.0000000000
1155000,1845000,마바54,"571.00",571.0000000000
1155000,1855000,마바55,"491.00",491.0000000000
1155000,1865000,마바56,"1027.00",1027.0000000000
1155000,1875000,마바57,"360.00",360.0000000000
1155000,1885000,마바58,"561.00",561.0000000000
1155000,1895000,마바59,"334.00",334.0000000000
1165000,1805000,마바60,"6067.00",6067.0000000000
1165000,1815000,마바61,"6142.00",6142.0000000000
1165000,1825000,마바62,"11381.00",11381.0000000000
1165000,1835000,마바63,"1362.00",1362.0000000000
1165000,1845000,마바64,"1965.00",1965.0000000000
1165000,1855000,마바65,"1340.00",1340.0000000000
1165000,1865000,마바66,"574.00",574.0000000000
1165000,1875000,마바67,"820.00",820.0000000000
1165000,1885000,마바68,"8501.00",8501.0000000000
1165000,1895000,마바69,"9368.00",9368.0000000000
1175000,1805000,마바70,"4.00",4.0000000000
1175000,1825000,마바72,"1680.00",1680.0000000000
1175000,1835000,마바73,"6814.00",6814.0000000000
1175000,1845000,마바74,"2219.00",2219.0000000000
1175000,1855000,마바75,"8088.00",8088.0000000000
1175000,1865000,마바76,"3553.00",3553.0000000000
1175000,1875000,마바77,"997.00",997.0000000000
1175000,1885000,마바78,"944.00",944.0000000000
1175000,1895000,마바79,"5498.00",5498.0000000000
1105000,1905000,마사00,"1238.00",1238.0000000000
1105000,1915000,마사01,"3583.00",3583.0000000000
1105000,1925000,마사02,"879.00",879.0000000000
1105000,1935000,마사03,"10184.00",10184.0000000000
1105000,1945000,마사04,"1806.00",1806.0000000000
1105000,1955000,마사05,"277.00",277.0000000000
1105000,1965000,마사06,"5243.00",5243.0000000000
1105000,1975000,마사07,"19.00",19.0000000000
1105000,1985000,마사08,"1007.00",1007.0000000000
1105000,1995000,마사09,"1334.00",1334.0000000000
1115000,1905000,마사10,"993.00",993.0000000000
1115000,1915000,마사11,"7267.00",7267.0000000000
1115000,1925000,마사12,"1279.00",1279.0000000000
1115000,1935000,마사13,"584.00",584.0000000000
1115000,1945000,마사14,"2234.00",2234.0000000000
1115000,1955000,마사15,"437.00",437.0000000000
1115000,1965000,마사16,"1911.00",1911.0000000000
1115000,1975000,마사17,"4194.00",4194.0000000000
1115000,1985000,마사18,"21422.00",21422.0000000000
1115000,1995000,마사19,"3510.00",3510.0000000000
1125000,1905000,마사20,"843.00",843.0000000000
1125000,1915000,마사21,"4098.00",4098.0000000000
1125000,1925000,마사22,"818.00",818.0000000000
1125000,1935000,마사23,"578.00",578.0000000000
1125000,1945000,마사24,"916.00",916.0000000000
1125000,1955000,마사25,"294.00",294.0000000000
1125000,1965000,마사26,"3933.00",3933.0000000000
1125000,1975000,마사27,"163874.00",163874.0000000000
1125000,1985000,마사28,"1255.00",1255.0000000000
1135000,1905000,마사30,"34123.00",34123.0000000000
1135000,1915000,마사31,"12138.00",12138.0000000000
1135000,1925000,마사32,"1084.00",1084.0000000000
1135000,1935000,마사33,"779.00",779.0000000000
1135000,1945000,마사34,"2749.00",2749.0000000000
1135000,1955000,마사35,"3511.00",3511.0000000000
1135000,1965000,마사36,"1892.00",1892.0000000000
1135000,1975000,마사37,"664.00",664.0000000000
1145000,1905000,마사40,"378.00",378.0000000000
1145000,1915000,마사41,"575.00",575.0000000000
1145000,1925000,마사42,"755.00",755.0000000000
1145000,1935000,마사43,"23082.00",23082.0000000000
1145000,1945000,마사44,"82963.00",82963.0000000000
1145000,1955000,마사45,"15164.00",15164.0000000000
1155000,1905000,마사50,"776.00",776.0000000000
1155000,1915000,마사51,"222.00",222.0000000000
1155000,1925000,마사52,"1903.00",1903.0000000000
1155000,1935000,마사53,"2369.00",2369.0000000000
1165000,1905000,마사60,"6781.00",6781.0000000000
1165000,1915000,마사61,"2880.00",2880.0000000000
1165000,1925000,마사62,"785.00",785.0000000000
1105000,2005000,마아00,"3145.00",3145.0000000000
1105000,2015000,마아01,"357.00",357.0000000000
1295000,1945000,바사94,"1472.00",1472.0000000000
1295000,1955000,바사95,"1454.00",1454.0000000000
1305000,1945000,사사04,"5520.00",5520.0000000000
1305000,1955000,사사05,"258.00",258.0000000000
1385000,1925000,사사82,"7.00",7.0000000000
